{
  "main": {
    "id": "3b8e669b0f578723",
    "type": "split",
    "children": [
      {
        "id": "0f4944334a279b8d",
        "type": "tabs",
        "children": [
          {
            "id": "a11f8b65b1f329cd",
            "type": "leaf",
            "state": {
              "type": "markdown",
              "state": {
                "file": "计算方法/紧束缚模型/笛卡尔坐标转换.md",
                "mode": "source",
                "source": false
              },
              "icon": "lucide-file",
              "title": "笛卡尔坐标转换"
            }
          },
          {
            "id": "578d2da5cbdc5c14",
            "type": "leaf",
            "state": {
              "type": "markdown",
              "state": {
                "file": "计算方法/VASP费米面计算.md",
                "mode": "source",
                "source": false
              },
              "icon": "lucide-file",
              "title": "VASP费米面计算"
            }
          },
          {
            "id": "6962fad607cdc138",
            "type": "leaf",
            "state": {
              "type": "markdown",
              "state": {
                "file": "计算方法/Quantum Espresso/02-声子谱.md",
                "mode": "source",
                "source": false
              },
              "icon": "lucide-file",
              "title": "02-声子谱"
            }
          },
          {
            "id": "d9a9cd6fac5d0830",
            "type": "leaf",
            "state": {
              "type": "markdown",
              "state": {
                "file": "01_记录/00_Zotero+Obsidian笔记.md",
                "mode": "source",
                "source": false
              },
              "icon": "lucide-file",
              "title": "00_Zotero+Obsidian笔记"
            }
          }
        ],
        "currentTab": 2
      }
    ],
    "direction": "vertical"
  },
  "left": {
    "id": "1786932f30dc67ea",
    "type": "split",
    "children": [
      {
        "id": "d27406ab6215e9dd",
        "type": "tabs",
        "children": [
          {
            "id": "f861727b5f4260ca",
            "type": "leaf",
            "state": {
              "type": "file-explorer",
              "state": {
                "sortOrder": "alphabetical"
              },
              "icon": "lucide-folder-closed",
              "title": "文件列表"
            }
          },
          {
            "id": "17e6a043a8698d45",
            "type": "leaf",
            "state": {
              "type": "search",
              "state": {
                "query": "",
                "matchingCase": false,
                "explainSearch": false,
                "collapseAll": false,
                "extraContext": false,
                "sortOrder": "alphabetical"
              },
              "icon": "lucide-search",
              "title": "搜索"
            }
          },
          {
            "id": "eeabcbfbc6803f93",
            "type": "leaf",
            "state": {
              "type": "bookmarks",
              "state": {},
              "icon": "lucide-bookmark",
              "title": "书签"
            }
          },
          {
            "id": "cbe33f9c6d7b02dc",
            "type": "leaf",
            "state": {
              "type": "recent-files",
              "state": {},
              "icon": "clock",
              "title": "Recent Files"
            }
          }
        ]
      }
    ],
    "direction": "horizontal",
    "width": 300
  },
  "right": {
    "id": "fe83331f7b776cac",
    "type": "split",
    "children": [
      {
        "id": "645f079ab8ff9b09",
        "type": "tabs",
        "children": [
          {
            "id": "a160bb4b04b1fb36",
            "type": "leaf",
            "state": {
              "type": "backlink",
              "state": {
                "file": "理论学习/铁电性和多铁.md",
                "collapseAll": false,
                "extraContext": false,
                "sortOrder": "alphabetical",
                "showSearch": false,
                "searchQuery": "",
                "backlinkCollapsed": true,
                "unlinkedCollapsed": false
              },
              "icon": "links-coming-in",
              "title": "铁电性和多铁 的反向链接列表"
            }
          },
          {
            "id": "a3ea12df5db5e848",
            "type": "leaf",
            "state": {
              "type": "outgoing-link",
              "state": {
                "file": "理论学习/铁电性和多铁.md",
                "linksCollapsed": false,
                "unlinkedCollapsed": true
              },
              "icon": "links-going-out",
              "title": "铁电性和多铁 的出链列表"
            }
          },
          {
            "id": "aab7665b82651550",
            "type": "leaf",
            "state": {
              "type": "tag",
              "state": {
                "sortOrder": "frequency",
                "useHierarchy": true
              },
              "icon": "lucide-tags",
              "title": "标签"
            }
          },
          {
            "id": "ed9593948dbf24c9",
            "type": "leaf",
            "state": {
              "type": "outline",
              "state": {
                "file": "理论学习/铁电性和多铁.md"
              },
              "icon": "lucide-list",
              "title": "铁电性和多铁 的大纲"
            }
          }
        ],
        "currentTab": 3
      }
    ],
    "direction": "horizontal",
    "width": 300,
    "collapsed": true
  },
  "left-ribbon": {
    "hiddenItems": {
      "switcher:打开快速切换": false,
      "graph:查看关系图谱": false,
      "canvas:新建白板": false,
      "daily-notes:打开/创建今天的日记": false,
      "templates:插入模板": false,
      "command-palette:打开命令面板": false,
      "workspaces:管理工作区布局": false
    }
  },
  "active": "6962fad607cdc138",
  "lastOpenFiles": [
    "计算方法/Wannier/拓扑声子phonopy-TB.md",
    "计算方法/Quantum Espresso/02-声子谱.md",
    "程序与系统/Linux/虚拟环境.md",
    "计算方法/Quantum Espresso/00-QE与EPW概览.md",
    "计算方法/Quantum Espresso/01-QE输入文件.md",
    "理论学习/不可约表示.md",
    "计算方法/紧束缚模型/厄米哈密顿量.md",
    "计算方法/紧束缚模型/高对称路径.md",
    "计算方法/Quantum Espresso/03-EPW.md",
    "计算方法/Wannier/Find Nodes and Weyl Chirality.md",
    "计算方法/Wannier/3D-Band.md",
    "计算方法/1-irvsp计算.md",
    "计算方法/Wannier/Berry Curvature.md",
    "计算方法/Wannier/SHC与AHC（霍尔电导）.md",
    "理论学习/电声相互作用.md",
    "理论学习/反常热霍尔效应.md",
    "理论学习/非常规超导和费米面.md",
    "理论学习/能斯特效应.md",
    "理论学习/声子谱的LOTO劈裂.md",
    "理论学习/铁电性和多铁.md",
    "理论学习/阻挫晶格.md",
    "理论学习/Orbital Hall Effect.md",
    "计算方法/Quantum Espresso/99-能带计算.md",
    "程序与系统/python/文件读写.md",
    "程序与系统/python/积累.md",
    "计算方法/Wannier/0_Wannier90+WannierTools.md",
    "计算方法/紧束缚模型",
    "计算方法/Quantum Espresso",
    "程序与系统/Linux",
    "程序与系统",
    "理论学习/固体理论",
    "程序与系统/python",
    "attachments/P9ZBXAUP.png",
    "attachments",
    "理论学习",
    "Spectrum-1.1.5/Spectrum-1.1.5/SCSS/_blocks/_workspace/_scrollbar.scss",
    "Spectrum-1.1.5/Spectrum-1.1.5/SCSS/_blocks/_workspace/_ribbon.scss",
    "Spectrum-1.1.5/Spectrum-1.1.5/images/workspaceSidebars.jpg",
    "Spectrum-1.1.5/Spectrum-1.1.5/images/SpectrumTables.gif",
    "Spectrum-1.1.5/Spectrum-1.1.5/images/tablesWidth.gif",
    "Spectrum-1.1.5/Spectrum-1.1.5/images/SpectrumQuery.gif",
    "Spectrum-1.1.5/Spectrum-1.1.5/images/sp-question.svg",
    "Spectrum-1.1.5/Spectrum-1.1.5/images/SpectrumNavbar.gif",
    "Spectrum-1.1.5/Spectrum-1.1.5/images/SpectrumPreview.gif",
    "Spectrum-1.1.5/Spectrum-1.1.5/images/sp-minus.svg",
    "Spectrum-1.1.5/Spectrum-1.1.5/images/sp-plus.svg",
    "未命名.canvas"
  ]
}